v_upper,v_lower,FCF,overlap,r_centroid_A,transition_moment_integral,vibronic_strength
1,0,3.239829483079e-08,-1.799952633566e-04,2.82005213,-1.799952633566e-04,3.239829483079e-08
1,1,7.282520866001e-07,-8.533768725482e-04,2.83063547,-8.533768725482e-04,7.282520866001e-07
1,2,7.917243417096e-06,-2.813759658730e-03,2.84140254,-2.813759658730e-03,7.917243417096e-06
1,3,5.546096808725e-05,-7.447212101669e-03,2.85234784,-7.447212101669e-03,5.546096808725e-05
1,4,2.813229839417e-04,-1.677268565083e-02,2.86346598,-1.677268565083e-02,2.813229839417e-04
1,5,1.100599728569e-03,-3.317528791992e-02,2.87475171,-3.317528791992e-02,1.100599728569e-03
1,6,3.452637613977e-03,-5.875914919378e-02,2.88620002,-5.875914919378e-02,3.452637613977e-03
1,7,8.909973233363e-03,-9.439265455195e-02,2.89780614,-9.439265455195e-02,8.909973233363e-03
1,8,1.924071406096e-02,-1.387109010170e-01,2.90956551,-1.387109010170e-01,1.924071406096e-02
1,9,3.514641073959e-02,-1.874737601361e-01,2.92147357,-1.874737601361e-01,3.514641073959e-02
2,0,2.213475501454e-07,4.704758762629e-04,2.81395147,4.704758762629e-04,2.213475501454e-07
2,1,4.544229018160e-06,2.131719732554e-03,2.82437958,2.131719732554e-03,4.544229018160e-06
2,2,4.471409208538e-05,6.686859657969e-03,2.83499103,6.686859657969e-03,4.471409208538e-05
2,3,2.805177514817e-04,1.674866417007e-02,2.84577994,1.674866417007e-02,2.805177514817e-04
2,4,1.258473797660e-03,3.547497424467e-02,2.85674032,3.547497424467e-02,1.258473797660e-03
2,5,4.289176314244e-03,6.549180341267e-02,2.86786602,6.549180341267e-02,4.289176314244e-03
2,6,1.150534885011e-02,1.072629891906e-01,2.87915067,1.072629891906e-01,1.150534885011e-02
2,7,2.479314118265e-02,1.574583792075e-01,2.89058741,1.574583792075e-01,2.479314118265e-02
2,8,4.333049339811e-02,2.081597785311e-01,2.90216821,2.081597785311e-01,4.333049339811e-02
2,9,6.133717010448e-02,2.476634210062e-01,2.91388233,2.476634210062e-01,6.133717010448e-02
3,0,1.040689597095e-06,-1.020141949483e-03,2.80800635,-1.020141949483e-03,1.040689597095e-06
3,1,1.949019508597e-05,-4.414770105676e-03,2.81828057,-4.414770105676e-03,1.949019508597e-05
3,2,1.731878705516e-04,-1.316008626688e-02,2.82873744,-1.316008626688e-02,1.731878705516e-04
3,3,9.693472191334e-04,-3.113434147583e-02,2.83937059,-3.113434147583e-02,9.693472191334e-04
3,4,3.822412496994e-03,-6.182566212337e-02,2.85017315,-6.182566212337e-02,3.822412496994e-03
3,5,1.123731088178e-02,-1.060061832243e-01,2.86113755,-1.060061832243e-01,1.123731088178e-02
3,6,2.536583969913e-02,-1.592665680522e-01,2.87225499,-1.592665680522e-01,2.536583969913e-02
3,7,4.445568841231e-02,-2.108451764028e-01,2.88351416,-2.108451764028e-01,4.445568841231e-02
3,8,6.007698356893e-02,-2.451060659570e-01,2.89489791,-2.451060659570e-01,6.007698356893e-02
3,9,6.053319392459e-02,-2.460349445193e-01,2.90637346,-2.460349445193e-01,6.053319392459e-02
4,0,3.787681361589e-06,1.946196640011e-03,2.80221511,1.946196640011e-03,3.787681361589e-06
4,1,6.463110160086e-05,8.039347087971e-03,2.81233673,8.039347087971e-03,6.463110160086e-05
4,2,5.173709796852e-04,2.274579037284e-02,2.82263991,2.274579037284e-02,5.173709796852e-04
4,3,2.572395085498e-03,5.071878434562e-02,2.83311756,5.071878434562e-02,2.572395085498e-03
4,4,8.850831784706e-03,9.407885939310e-02,2.84376148,9.407885939310e-02,8.850831784706e-03
4,5,2.216659968480e-02,1.488845179487e-01,2.85456167,1.488845179487e-01,2.216659968480e-02
4,6,4.120484432767e-02,2.029897640958e-01,2.86550456,2.029897640958e-01,4.120484432767e-02
4,7,5.644223185528e-02,2.375757391976e-01,2.87656825,2.375757391976e-01,5.644223185528e-02
4,8,5.440911064421e-02,2.332576057586e-01,2.88770687,2.332576057586e-01,5.440911064421e-02
4,9,3.206649946967e-02,1.790712134031e-01,2.89877931,1.790712134031e-01,3.206649946967e-02
5,0,1.138178158899e-05,-3.373689610647e-03,2.79657605,-3.373689610647e-03,1.138178158899e-05
5,1,1.767232976916e-04,-1.329373151871e-02,2.80654630,-1.329373151871e-02,1.767232976916e-04
5,2,1.271044684052e-03,-3.565171362013e-02,2.81669651,-3.565171362013e-02,1.271044684052e-03
5,3,5.586458633001e-03,-7.474261590954e-02,2.82701847,-7.474261590954e-02,5.586458633001e-03
5,4,1.662426520266e-02,-1.289351201289e-01,2.83750188,-1.289351201289e-01,1.662426520266e-02
5,5,3.490458626676e-02,-1.868276913810e-01,2.84813239,-1.868276913810e-01,3.490458626676e-02
5,6,5.181100630658e-02,-2.276203117180e-01,2.85888636,-2.276203117180e-01,5.181100630658e-02
5,7,5.193436363730e-02,-2.278911223310e-01,2.86971319,-2.278911223310e-01,5.193436363730e-02
5,8,3.001695751511e-02,-1.732540259709e-01,2.88045000,-1.732540259709e-01,3.001695751511e-02
5,9,4.802685272788e-03,-6.930140888025e-02,2.88981981,-6.930140888025e-02,4.802685272788e-03
6,0,2.941046986589e-05,5.423142065803e-03,2.79108740,5.423142065803e-03,2.941046986589e-05
6,1,4.149733822238e-04,2.037089546937e-02,2.80090748,2.037089546937e-02,4.149733822238e-04
6,2,2.673819160246e-03,5.170898529507e-02,2.81090521,5.170898529507e-02,2.673819160246e-03
6,3,1.032985506683e-02,1.016358945788e-01,2.82107075,1.016358945788e-01,1.032985506683e-02
6,4,2.630124735434e-02,1.621765931149e-01,2.83139031,1.621765931149e-01,2.630124735434e-02
6,5,4.531644514922e-02,2.128765960580e-01,2.84184140,2.128765960580e-01,4.531644514922e-02
6,6,5.125495372982e-02,2.263955691479e-01,2.85237724,2.263955691479e-01,5.125495372982e-02
6,7,3.313917903030e-02,1.820416958565e-01,2.86285449,1.820416958565e-01,3.313917903030e-02
6,8,6.553446054045e-03,8.095335727470e-02,2.87228051,8.095335727470e-02,6.553446054045e-03
6,9,2.218134826680e-03,-4.709707874890e-02,2.89037107,-4.709707874890e-02,2.218134826680e-03
7,0,6.720731580517e-05,-8.198006819049e-03,2.78574733,-8.198006819049e-03,6.720731580517e-05
7,1,8.605260143336e-04,-2.933472369622e-02,2.79541839,-2.933472369622e-02,8.605260143336e-04
7,2,4.951454978081e-03,-7.036657571660e-02,2.80526392,-7.036657571660e-02,4.951454978081e-03
7,3,1.670437506439e-02,-1.292454063570e-01,2.81527159,-1.292454063570e-01,1.670437506439e-02
7,4,3.590366318034e-02,-1.894826197316e-01,2.82542176,-1.894826197316e-01,3.590366318034e-02
7,5,4.927545407524e-02,-2.219807515873e-01,2.83567597,-2.219807515873e-01,4.927545407524e-02
7,6,3.926110670937e-02,-1.981441563846e-01,2.84592826,-1.981441563846e-01,3.926110670937e-02
7,7,1.196292945143e-02,-1.093751774921e-01,2.85561753,-1.093751774921e-01,1.196292945143e-02
7,8,3.836157512732e-04,1.958611118301e-02,2.87913408,1.958611118301e-02,3.836157512732e-04
7,9,1.843031970979e-02,1.357583135936e-01,2.88059613,1.357583135936e-01,1.843031970979e-02
8,0,1.386228570584e-04,1.177382083516e-02,2.78055396,1.177382083516e-02,1.386228570584e-04
8,1,1.608344577149e-03,4.010417156792e-02,2.79007709,4.010417156792e-02,1.608344577149e-03
8,2,8.235133749552e-03,9.074763770783e-02,2.79977044,9.074763770783e-02,8.235133749552e-03
8,3,2.407416621619e-02,1.551585196378e-01,2.80961782,1.551585196378e-01,2.407416621619e-02
8,4,4.293307325987e-02,2.072029759918e-01,2.81958963,2.072029759918e-01,4.293307325987e-02
8,5,4.492018944686e-02,2.119438355953e-01,2.82961420,2.119438355953e-01,4.492018944686e-02
8,6,2.164319786950e-02,1.471162732994e-01,2.83940536,1.471162732994e-01,2.164319786950e-02
8,7,6.166300440282e-04,2.483203664680e-02,2.84261449,2.483203664680e-02,6.166300440282e-04
8,8,1.092847658637e-02,-1.045393542470e-01,2.86380704,-1.045393542470e-01,1.092847658637e-02
8,9,3.080648662271e-02,-1.755177672565e-01,2.87341551,-1.755177672565e-01,3.080648662271e-02
9,0,2.621291087223e-04,-1.619040174678e-02,2.77550533,-1.619040174678e-02,2.621291087223e-04
9,1,2.751660590521e-03,-5.245627312840e-02,2.78488162,-5.245627312840e-02,2.751660590521e-03
9,2,1.248829648347e-02,-1.117510469010e-01,2.79442245,-1.117510469010e-01,1.248829648347e-02
9,3,3.134537328596e-02,-1.770462461787e-01,2.80410581,-1.770462461787e-01,3.134537328596e-02
9,4,4.533593765074e-02,-2.129223747067e-01,2.81388460,-2.129223747067e-01,4.533593765074e-02
9,5,3.371723983670e-02,-1.836225471904e-01,2.82361224,-1.836225471904e-01,3.371723983670e-02
9,6,6.642529965629e-03,-8.150171756244e-02,2.83222545,-8.150171756244e-02,6.642529965629e-03
9,7,3.077303749792e-03,5.547345085527e-02,2.84900114,5.547345085527e-02,3.077303749792e-03
9,8,2.462519533965e-02,1.569241706674e-01,2.85669714,1.569241706674e-01,2.462519533965e-02
9,9,2.643101433885e-02,1.625761801091e-01,2.86652496,1.625761801091e-01,2.643101433885e-02
10,0,4.600078536329e-04,2.144779367751e-02,2.77059948,2.144779367751e-02,4.600078536329e-04
10,1,4.362015833320e-03,6.604555877059e-02,2.77982992,6.604555877059e-02,4.362015833320e-03
10,2,1.747044446555e-02,1.321758089272e-01,2.78921751,1.321758089272e-01,1.747044446555e-02
10,3,3.723337063587e-02,1.929595051711e-01,2.79873123,1.929595051711e-01,3.723337063587e-02
10,4,4.232720312109e-02,2.057357604334e-01,2.80829233,2.057357604334e-01,4.232720312109e-02
10,5,1.973447201740e-02,1.404794362795e-01,2.81756184,1.404794362795e-01,1.973447201740e-02
10,6,1.278024342113e-04,1.130497387044e-02,2.80973719,1.130497387044e-02,1.278024342113e-04
10,7,1.394800134723e-02,-1.181016568353e-01,2.84088664,-1.181016568353e-01,1.394800134723e-02
10,8,2.882444670509e-02,-1.697776390020e-01,2.85015855,-1.697776390020e-01,2.882444670509e-02
10,9,1.167640162463e-02,-1.080573996755e-01,2.85934480,-1.080573996755e-01,1.167640162463e-02
11,0,7.565820308184e-04,-2.750603626149e-02,2.76583435,-2.750603626149e-02,7.565820308184e-04
11,1,6.469833748780e-03,-8.043527676822e-02,2.77491991,-8.043527676822e-02,6.469833748780e-03
11,2,2.275459492213e-02,-1.508462625395e-01,2.78415300,-1.508462625395e-01,2.275459492213e-02
11,3,4.061670647017e-02,-2.015358689419e-01,2.79348872,-2.015358689419e-01,4.061670647017e-02
11,4,3.468384912367e-02,-1.862360038330e-01,2.80278822,-1.862360038330e-01,3.468384912367e-02
11,5,7.695001321082e-03,-8.772115663329e-02,2.81108499,-8.772115663329e-02,7.695001321082e-03
11,6,2.890719942881e-03,5.376541586263e-02,2.82742220,5.376541586263e-02,2.890719942881e-03
11,7,2.392790686798e-02,1.546864792669e-01,2.83447598,1.546864792669e-01,2.392790686798e-02
11,8,2.128826425280e-02,1.459049836462e-01,2.84371821,1.459049836462e-01,2.128826425280e-02
11,9,1.005350824722e-03,3.170726769563e-02,2.84778559,3.170726769563e-02,1.005350824722e-03
12,0,1.175689049892e-03,3.428832235459e-02,2.76120787,3.428832235459e-02,1.175689049892e-03
12,1,9.050656098281e-03,9.513493626571e-02,2.77014944,9.513493626571e-02,9.050656098281e-03
12,2,2.779569168397e-02,1.667203997235e-01,2.77922613,1.667203997235e-01,2.779569168397e-02
12,3,4.084445324763e-02,2.021001069956e-01,2.78837128,2.021001069956e-01,4.084445324763e-02
12,4,2.442154130592e-02,1.562739303464e-01,2.79732395,1.562739303464e-01,2.442154130592e-02
12,5,9.788321649746e-04,3.128629356403e-02,2.80114721,3.128629356403e-02,9.788321649746e-04
12,6,1.122023890535e-02,-1.059256291242e-01,2.81982855,-1.059256291242e-01,1.122023890535e-02
12,7,2.646142276711e-02,-1.626696737782e-01,2.82844180,-1.626696737782e-01,2.646142276711e-02
12,8,9.070518173498e-03,-9.523926802269e-02,2.83689205,-9.523926802269e-02,9.070518173498e-03
12,9,2.040834958756e-03,4.517560136574e-02,2.85459066,4.517560136574e-02,2.040834958756e-03
13,0,1.737787383598e-03,-4.168677708336e-02,2.75671793,-4.168677708336e-02,1.737787383598e-03
13,1,1.202068889573e-02,-1.096389022917e-01,2.76551632,-1.096389022917e-01,1.202068889573e-02
13,2,3.203027295809e-02,-1.789700336875e-01,2.77443382,-1.789700336875e-01,3.203027295809e-02
13,3,3.789407781683e-02,-1.946640126393e-01,2.78336921,-1.946640126393e-01,3.789407781683e-02
13,4,1.406096839578e-02,-1.185789542700e-01,2.79178488,-1.185789542700e-01,1.406096839578e-02
13,5,5.332903852172e-04,2.309308089487e-02,2.81255270,2.309308089487e-02,5.332903852172e-04
13,6,1.966851430730e-02,1.402444804878e-01,2.81382632,1.402444804878e-01,1.966851430730e-02
13,7,2.092391379842e-02,1.446510069043e-01,2.82251470,1.446510069043e-01,2.092391379842e-02
13,8,9.726820722626e-04,3.118785135694e-02,2.82591849,3.118785135694e-02,9.726820722626e-04
13,9,1.109048565145e-02,-1.053113747487e-01,2.84561216,-1.053113747487e-01,1.109048565145e-02
14,0,2.457178799813e-03,4.956993846893e-02,2.75236238,4.956993846893e-02,2.457178799813e-03
14,1,1.524279815020e-02,1.234617274713e-01,2.76101829,1.234617274713e-01,1.524279815020e-02
14,2,3.497952665490e-02,1.870281440182e-01,2.76977272,1.870281440182e-01,3.497952665490e-02
14,3,3.234455186954e-02,1.798459114618e-01,2.77846798,1.798459114618e-01,3.234455186954e-02
14,4,5.826351613337e-03,7.633054181215e-02,2.78580341,7.633054181215e-02,5.826351613337e-03
14,5,4.985665855444e-03,-7.060924766236e-02,2.80097639,-7.060924766236e-02,4.985665855444e-03
14,6,2.398490653861e-02,-1.548706122498e-01,2.80824262,-1.548706122498e-01,2.398490653861e-02
14,7,1.142372443150e-02,-1.068818246078e-01,2.81642192,-1.068818246078e-01,1.142372443150e-02
14,8,1.078771026198e-03,3.284464988698e-02,2.83546071,3.284464988698e-02,1.078771026198e-03
14,9,1.917512620017e-02,1.384742799229e-01,2.83916998,1.384742799229e-01,1.917512620017e-02
15,0,3.339802068543e-03,-5.779102065670e-02,2.74813905,-5.779102065670e-02,3.339802068543e-03
15,1,1.854151410295e-02,-1.361672284471e-01,2.75665307,-1.361672284471e-01,1.854151410295e-02
15,2,3.632998914142e-02,-1.906042736704e-01,2.76523901,-1.906042736704e-01,3.632998914142e-02
15,3,2.519753999093e-02,-1.587373301745e-01,2.77364384,-1.587373301745e-01,2.519753999093e-02
15,4,1.072878729380e-03,-3.275482757365e-02,2.77712587,-3.275482757365e-02,1.072878729380e-03
15,5,1.162353301236e-02,1.078124900573e-01,2.79488245,1.078124900573e-01,1.162353301236e-02
15,6,2.271175085501e-02,1.507041832698e-01,2.80284461,1.507041832698e-01,2.271175085501e-02
15,7,3.301268430745e-03,5.745666567723e-02,2.80914868,5.745666567723e-02,3.301268430745e-03
15,8,7.397927027052e-03,-8.601120291597e-02,2.82542558,-8.601120291597e-02,7.397927027052e-03
15,9,2.016944667755e-02,-1.420191771472e-01,2.83317409,-1.420191771472e-01,2.016944667755e-02
16,0,4.381930482581e-03,6.619615156926e-02,2.74404573,6.619615156926e-02,4.381930482581e-03
16,1,2.172372186783e-02,1.473896938996e-01,2.75241833,1.473896938996e-01,2.172372186783e-02
16,2,3.597574577132e-02,1.896727333365e-01,2.76082828,1.896727333365e-01,3.597574577132e-02
16,3,1.762118206133e-02,1.327448005058e-01,2.76885325,1.327448005058e-01,1.762118206133e-02
16,4,8.470804134911e-05,-9.203697156530e-03,2.80334510,-9.203697156530e-03,8.470804134911e-05
16,5,1.762674317903e-02,-1.327657455032e-01,2.78958454,-1.327657455032e-01,1.762674317903e-02
16,6,1.708829675449e-02,-1.307222121695e-01,2.79750069,-1.307222121695e-01,1.708829675449e-02
16,7,2.155717487174e-05,-4.642970479310e-03,2.75563281,-4.642970479310e-03,2.155717487174e-05
16,8,1.473356428907e-02,1.213818944039e-01,2.81921368,1.213818944039e-01,1.473356428907e-02
16,9,1.429786140992e-02,1.195736652023e-01,2.82722337,1.195736652023e-01,1.429786140992e-02
17,0,5.569928177960e-03,-7.463195145485e-02,2.74008022,-7.463195145485e-02,5.569928177960e-03
17,1,2.460092724652e-02,-1.568468273397e-01,2.74831168,-1.568468273397e-01,2.460092724652e-02
17,2,3.401829366791e-02,-1.844404881470e-01,2.75653527,-1.844404881470e-01,3.401829366791e-02
17,3,1.069792604614e-02,-1.034307790077e-01,2.76400364,-1.034307790077e-01,1.069792604614e-02
17,4,2.219426371040e-03,4.711078826596e-02,2.77938661,4.711078826596e-02,2.219426371040e-03
17,5,2.101646899445e-02,1.449705797548e-01,2.78461180,1.449705797548e-01,2.101646899445e-02
17,6,9.833796807767e-03,9.916550210515e-02,2.79200995,9.916550210515e-02,9.833796807767e-03
17,7,1.969906218857e-03,-4.438362557134e-02,2.80874419,-4.438362557134e-02,1.969906218857e-03
17,8,1.854991587915e-02,-1.361980759011e-01,2.81363791,-1.361980759011e-01,1.854991587915e-02
17,9,6.207068948635e-03,-7.878495382137e-02,2.82077449,-7.878495382137e-02,6.207068948635e-03
18,0,6.881037103649e-03,8.295201687511e-02,2.73624030,8.295201687511e-02,6.881037103649e-03
18,1,2.700926670932e-02,1.643449625310e-01,2.74433069,1.643449625310e-01,2.700926670932e-02
18,2,3.073086116087e-02,1.753021995323e-01,2.75235345,1.753021995323e-01,3.073086116087e-02
18,3,5.237611888022e-03,7.237134714804e-02,2.75884999,7.237134714804e-02,5.237611888022e-03
18,4,6.267565221929e-03,-7.916795577713e-02,2.77304716,-7.916795577713e-02,6.267565221929e-03
18,5,2.106443804798e-02,-1.451359295556e-01,2.77982538,-1.451359295556e-01,2.106443804798e-02
18,6,3.691000848924e-03,-6.075360770295e-02,2.78572636,-6.075360770295e-02,3.691000848924e-03
18,7,7.106190260726e-03,8.429822216824e-02,2.80124187,8.429822216824e-02,7.106190260726e-03
18,8,1.724403566281e-02,1.313165475590e-01,2.80828080,1.313165475590e-01,1.724403566281e-02
18,9,8.361001864385e-04,2.891539704791e-02,2.81007436,2.891539704791e-02,8.361001864385e-04
19,0,8.285016437970e-03,-9.102206566525e-02,2.73252373,-9.102206566525e-02,8.285016437970e-03
19,1,2.882446950300e-02,-1.697777061425e-01,2.74047290,-1.697777061425e-01,2.882446950300e-02
19,2,2.650038077220e-02,-1.627893754893e-01,2.74827428,-1.627893754893e-01,2.650038077220e-02
19,3,1.684404817495e-03,-4.104150116035e-02,2.75243870,-4.104150116035e-02,1.684404817495e-03
19,4,1.086731930814e-02,1.042464354697e-01,2.76805408,1.042464354697e-01,1.086731930814e-02
19,5,1.818802358065e-02,1.348629807644e-01,2.77515004,1.348629807644e-01,1.818802358065e-02
19,6,4.014581400388e-04,2.003642033994e-02,2.77298596,2.003642033994e-02,4.014581400388e-04
19,7,1.252303275587e-02,-1.119063570842e-01,2.79572452,-1.119063570842e-01,1.252303275587e-02
19,8,1.214435974851e-02,-1.102014507550e-01,2.80292787,-1.102014507550e-01,1.214435974851e-02
19,9,4.481768525643e-04,2.117018782544e-02,2.82578270,2.117018782544e-02,4.481768525643e-04
20,0,9.746361583818e-03,9.872366273502e-02,2.72892828,9.872366273502e-02,9.746361583818e-03
20,1,2.997035522621e-02,1.731194825148e-01,2.73673579,1.731194825148e-01,2.997035522621e-02
20,2,2.176196751024e-02,1.475193801175e-01,2.74428602,1.475193801175e-01,2.176196751024e-02
20,3,1.151900977000e-04,1.073266498592e-02,2.73352941,1.073266498592e-02,1.151900977000e-04
20,4,1.484732560805e-02,-1.218496024124e-01,2.76353250,-1.218496024124e-01,1.484732560805e-02
20,5,1.352777997793e-02,-1.163089849407e-01,2.77050962,-1.163089849407e-01,1.352777997793e-02
20,6,3.635028845729e-04,1.906575161311e-02,2.79352157,1.906575161311e-02,3.635028845729e-04
20,7,1.588765496421e-02,1.260462413728e-01,2.79074008,1.260462413728e-01,1.588765496421e-02
20,8,6.050420746157e-03,7.778445054223e-02,2.79720813,7.778445054223e-02,6.050420746157e-03
20,9,4.142304385279e-03,-6.436073636371e-02,2.81288055,-6.436073636371e-02,4.142304385279e-03
21,0,1.122679567181e-02,-1.059565744624e-01,2.72545173,-1.059565744624e-01,1.122679567181e-02
21,1,3.042077843349e-02,-1.744155338079e-01,2.73311678,-1.744155338079e-01,3.042077843349e-02
21,2,1.693864487023e-02,-1.301485492437e-01,2.74037139,-1.301485492437e-01,1.693864487023e-02
21,3,3.061723353115e-04,1.749778086820e-02,2.76222106,1.749778086820e-02,3.061723353115e-04
21,4,1.743104517563e-02,1.320266835743e-01,2.75927221,1.320266835743e-01,1.743104517563e-02
21,5,8.441234729035e-03,9.187619239517e-02,2.76577259,9.187619239517e-02,8.441234729035e-03
21,6,2.865150570945e-03,-5.352710127538e-02,2.78096271,-5.352710127538e-02,2.865150570945e-03
21,7,1.619105085720e-02,-1.272440602040e-01,2.78599693,-1.272440602040e-01,1.619105085720e-02
21,8,1.554409347975e-03,-3.942599837639e-02,2.78946340,-3.942599837639e-02,1.554409347975e-03
21,9,9.208728849443e-03,9.596212195154e-02,2.80680390,9.596212195154e-02,9.208728849443e-03
22,0,1.268774451570e-02,1.126398886527e-01,2.72209185,1.126398886527e-01,1.268774451570e-02
22,1,3.019595468831e-02,1.737698325035e-01,2.72961324,1.737698325035e-01,3.019595468831e-02
22,2,1.239484558315e-02,1.113321408361e-01,2.73650284,1.113321408361e-01,1.239484558315e-02
22,3,1.835990512375e-03,-4.284845986001e-02,2.75113424,-4.284845986001e-02,1.835990512375e-03
22,4,1.829513606711e-02,-1.352595137767e-01,2.75519238,-1.352595137767e-01,1.829513606711e-02
22,5,4.090160785749e-03,-6.395436486862e-02,2.76059955,-6.395436486862e-02,4.090160785749e-03
22,6,6.611318953014e-03,8.131001754405e-02,2.77519817,8.131001754405e-02,6.611318953014e-03
22,7,1.374709494091e-02,1.172480061277e-01,2.78136471,1.172480061277e-01,1.374709494091e-02
22,8,1.234589715613e-08,1.111120927538e-04,0.52063785,1.111120927538e-04,1.234589715613e-08
22,9,1.294533684201e-02,-1.137775761827e-01,2.80166878,-1.137775761827e-01,1.294533684201e-02
23,0,1.409256043445e-02,-1.187120905150e-01,2.71884642,-1.187120905150e-01,1.409256043445e-02
23,1,2.935470837630e-02,-1.713321580331e-01,2.72622247,-1.713321580331e-01,2.935470837630e-02
23,2,8.407515113340e-03,-9.169250303782e-02,2.73263213,-9.169250303782e-02,8.407515113340e-03
23,3,4.195516700935e-03,6.477280834528e-02,2.74577648,6.477280834528e-02,4.195516700935e-03
23,4,1.751402451278e-02,1.323405626132e-01,2.75124988,1.323405626132e-01,1.751402451278e-02
23,5,1.206152675960e-03,3.472970883782e-02,2.75356928,3.472970883782e-02,1.206152675960e-03
23,6,1.026719128533e-02,-1.013271497938e-01,2.77049734,-1.013271497938e-01,1.026719128533e-02
23,7,9.710610876727e-03,-9.854243185921e-02,2.77671755,-9.854243185921e-02,9.710610876727e-03
23,8,1.301267791723e-03,3.607308957828e-02,2.79411316,3.607308957828e-02,1.301267791723e-03
23,9,1.387285715621e-02,1.177830936773e-01,2.79687350,1.177830936773e-01,1.387285715621e-02
24,0,1.540833353438e-02,1.241303086856e-01,2.71571325,1.241303086856e-01,1.540833353438e-02
24,1,2.798438201012e-02,1.672853311266e-01,2.72294169,1.672853311266e-01,2.798438201012e-02
24,2,5.154632017912e-03,7.179576601661e-02,2.72866373,7.179576601661e-02,5.154632017912e-03
24,3,6.882488857949e-03,-8.296076698024e-02,2.74150780,-8.296076698024e-02,6.882488857949e-03
24,4,1.543952508420e-02,-1.242558855113e-01,2.74741290,-1.242558855113e-01,1.543952508420e-02
24,5,3.673703337367e-05,-6.061108262823e-03,2.71746491,-6.061108262823e-03,3.673703337367e-05
24,6,1.284046195028e-02,1.133157621440e-01,2.76621750,1.133157621440e-01,1.284046195028e-02
24,7,5.462957591754e-03,7.391182308504e-02,2.77181641,7.391182308504e-02,5.462957591754e-03
24,8,4.381465417219e-03,-6.619263869358e-02,2.78673930,-6.619263869358e-02,4.381465417219e-03
24,9,1.200836610033e-02,-1.095826906967e-01,2.79221497,-1.095826906967e-01,1.200836610033e-02
25,0,1.660720524655e-02,-1.288689460132e-01,2.71269015,-1.288689460132e-01,1.660720524655e-02
25,1,2.619002700363e-02,-1.618333309415e-01,2.71976801,-1.618333309415e-01,2.619002700363e-02
25,2,2.718223494756e-03,-5.213658499323e-02,2.72437326,-5.213658499323e-02,2.718223494756e-03
25,3,9.469082655434e-03,9.730921156516e-02,2.73769427,9.730921156516e-02,9.469082655434e-03
25,4,1.256237531358e-02,1.120820026301e-01,2.74364894,1.120820026301e-01,1.256237531358e-02
25,5,4.236766651378e-04,-2.058340752008e-02,2.76450187,-2.058340752008e-02,4.236766651378e-04
25,6,1.384502131924e-02,-1.176648686705e-01,2.76217450,-1.176648686705e-01,1.384502131924e-02
25,7,2.124613589762e-03,-4.609353088842e-02,2.76589585,-4.609353088842e-02,2.124613589762e-03
25,8,7.833163821768e-03,8.850516268426e-02,2.78168499,8.850516268426e-02,7.833163821768e-03
25,9,8.427023110093e-03,9.179881867482e-02,2.78752751,9.179881867482e-02,8.427023110093e-03
26,0,1.766716669523e-02,1.329178945636e-01,2.70977495,1.329178945636e-01,1.766716669523e-02
26,1,2.408417511423e-02,1.551907700678e-01,2.71669843,1.551907700678e-01,2.408417511423e-02
26,2,1.097594480270e-03,3.312996348127e-02,2.71906761,3.312996348127e-02,1.097594480270e-03
26,3,1.163944653904e-02,-1.078862666841e-01,2.73415022,-1.078862666841e-01,1.163944653904e-02
26,4,9.389919965581e-03,-9.690159939640e-02,2.73991393,-9.690159939640e-02,9.389919965581e-03
26,5,1.948458686145e-03,4.414134893889e-02,2.75480769,4.414134893889e-02,1.948458686145e-03
26,6,1.327748190680e-02,1.152279562728e-01,2.75828601,1.152279562728e-01,1.327748190680e-02
26,7,3.074071982593e-04,1.753303163344e-02,2.75343932,1.753303163344e-02,3.074071982593e-04
26,8,1.047471159361e-02,-1.023460384852e-01,2.77728336,-1.023460384852e-01,1.047471159361e-02
26,9,4.557310325166e-03,-6.750785380358e-02,2.78250204,-6.750785380358e-02,4.557310325166e-03
27,0,1.857237720415e-02,-1.362805092599e-01,2.70696549,-1.362805092599e-01,1.857237720415e-02
27,1,2.177808195058e-02,-1.475739880554e-01,2.71372978,-1.475739880554e-01,2.177808195058e-02
27,2,2.282796059261e-04,-1.510892471111e-02,2.70897112,-1.510892471111e-02,2.282796059261e-04
27,3,1.320055319979e-02,1.148936603986e-01,2.73080001,1.148936603986e-01,1.320055319979e-02
27,4,6.358416051379e-03,7.973967676997e-02,2.73613361,7.973967676997e-02,6.358416051379e-03
27,5,4.087616617736e-03,-6.393447127909e-02,2.74971278,-6.393447127909e-02,4.087616617736e-03
27,6,1.148003079099e-02,-1.071449055765e-01,2.75449700,-1.071449055765e-01,1.148003079099e-02
27,7,9.530359740027e-05,9.762356139799e-03,2.78897173,9.762356139799e-03,9.530359740027e-05
27,8,1.164792090738e-02,1.079255340843e-01,2.77318953,1.079255340843e-01,1.164792090738e-02
27,9,1.582787824655e-03,3.978426604394e-02,2.77605124,3.978426604394e-02,1.582787824655e-03
28,0,1.931307357150e-02,1.389714847424e-01,2.70425965,1.389714847424e-01,1.931307357150e-02
28,1,1.937492862194e-02,1.391938526730e-01,2.71085868,1.391938526730e-01,1.937492862194e-02
28,2,2.799860674316e-06,-1.673278421039e-03,2.83617878,-1.673278421039e-03,2.799860674316e-06
28,3,1.407312924620e-02,-1.186302206278e-01,2.72760583,-1.186302206278e-01,1.407312924620e-02
28,4,3.784640882418e-03,-6.151943499755e-02,2.73215623,-6.151943499755e-02,3.784640882418e-03
28,5,6.339960712568e-03,7.962387024359e-02,2.74565455,7.962387024359e-02,6.339960712568e-03
28,6,8.965792562188e-03,9.468786913955e-02,2.75075133,9.468786913955e-02,8.965792562188e-03
28,7,1.175534810776e-03,-3.428607313147e-02,2.76744491,-3.428607313147e-02,1.175534810776e-03
28,8,1.125509417409e-02,-1.060900286271e-01,2.76927274,-1.060900286271e-01,1.125509417409e-02
28,9,1.294672602224e-04,-1.137836808257e-02,2.75672296,-1.137836808257e-02,1.294672602224e-04
29,0,1.988515948156e-02,-1.410147491632e-01,2.70165531,-1.410147491632e-01,1.988515948156e-02
29,1,1.696512251027e-02,-1.302502303655e-01,2.70808149,-1.302502303655e-01,1.696512251027e-02
29,2,2.902822900384e-04,1.703767267083e-02,2.72769638,1.703767267083e-02,2.902822900384e-04
29,3,1.427036118655e-02,1.194586170460e-01,2.72454554,1.194586170460e-01,1.427036118655e-02
29,4,1.852070050852e-03,4.303568345980e-02,2.72759324,4.303568345980e-02,1.852070050852e-03
29,5,8.308716584274e-03,-9.115216170928e-02,2.74204783,-9.115216170928e-02,8.308716584274e-03
29,6,6.262887992257e-03,-7.913841034704e-02,2.74696645,-7.913841034704e-02,6.262887992257e-03
29,7,3.028393236846e-03,5.503083896186e-02,2.76132758,5.503083896186e-02,3.028393236846e-03
29,8,9.620955747871e-03,9.808647076876e-02,2.76545326,9.808647076876e-02,9.620955747871e-03
29,9,2.394792790749e-04,-1.547511806336e-02,2.79099068,-1.547511806336e-02,2.394792790749e-04
30,0,2.028956932791e-02,1.424414593014e-01,2.69915037,1.424414593014e-01,2.028956932791e-02
30,1,1.462358112370e-02,1.209279997507e-01,2.70539424,1.209279997507e-01,1.462358112370e-02
30,2,9.530752747387e-04,-3.087191725078e-02,2.71981676,-3.087191725078e-02,9.530752747387e-04
30,3,1.387132596116e-02,-1.177765934350e-01,2.72160434,-1.177765934350e-01,1.387132596116e-02
30,4,6.221425720153e-04,-2.494278597141e-02,2.72101438,-2.494278597141e-02,6.221425720153e-04
30,5,9.737982785008e-03,9.868121799516e-02,2.73870931,9.868121799516e-02,9.737982785008e-03
30,6,3.806590276582e-03,6.169757107522e-02,2.74298196,6.169757107522e-02,3.806590276582e-03
30,7,5.104140578193e-03,-7.144326824966e-02,2.75698767,-7.144326824966e-02,5.104140578193e-03
30,8,7.285504472521e-03,-8.535516664222e-02,2.76165051,-8.535516664222e-02,7.285504472521e-03
30,9,1.531711010179e-03,3.913707973494e-02,2.77779243,3.913707973494e-02,1.531711010179e-03
31,0,2.053149541825e-02,-1.432881551917e-01,2.69674276,-1.432881551917e-01,2.053149541825e-02
31,1,1.240871869723e-02,-1.113944284838e-01,2.70279246,-1.113944284838e-01,1.240871869723e-02
31,2,1.859459258151e-03,4.312144777430e-02,2.71538982,4.312144777430e-02,1.859459258151e-03
31,3,1.299446063447e-02,1.139932481968e-01,2.71877102,1.139932481968e-01,1.299446063447e-02
31,4,6.012301691190e-05,7.753903333928e-03,2.69900631,7.753903333928e-03,6.012301691190e-05
31,5,1.051273331690e-02,-1.025316210586e-01,2.73556086,-1.025316210586e-01,1.051273331690e-02
31,6,1.885880465093e-03,-4.342672524025e-02,2.73839312,-4.342672524025e-02,1.885880465093e-03
31,7,6.947668725160e-03,8.335267677261e-02,2.75327492,8.335267677261e-02,6.947668725160e-03
31,8,4.811348353209e-03,6.936388363701e-02,2.75773801,6.936388363701e-02,4.811348353209e-03
31,9,3.429218593022e-03,-5.855953033471e-02,2.77230004,-5.855953033471e-02,3.429218593022e-03
32,0,2.061955567846e-02,1.435951102178e-01,2.69443042,1.435951102178e-01,2.061955567846e-02
32,1,1.036277326939e-02,1.017977075842e-01,2.70027107,1.017977075842e-01,1.036277326939e-02
32,2,2.892306510235e-03,-5.378016837306e-02,2.71196369,-5.378016837306e-02,2.892306510235e-03
32,3,1.177450880030e-02,-1.085104087187e-01,2.71603601,-1.085104087187e-01,1.177450880030e-02
32,4,6.644831646816e-05,8.151583678535e-03,2.75057728,8.151583678535e-03,6.644831646816e-05
32,5,1.063535909708e-02,1.031278774003e-01,2.73256148,1.031278774003e-01,1.063535909708e-02
32,6,6.357886592068e-04,2.521484997391e-02,2.73171113,2.521484997391e-02,6.357886592068e-04
32,7,8.260761769328e-03,-9.088873290639e-02,2.74989201,-9.088873290639e-02,8.260761769328e-03
32,8,2.650913868595e-03,-5.148702621627e-02,2.75343907,-5.148702621627e-02,2.650913868595e-03
32,9,5.361826586217e-03,7.322449444153e-02,2.76815880,7.322449444153e-02,5.361826586217e-03
33,0,2.056496378443e-02,-1.434048945623e-01,2.69221129,-1.434048945623e-01,2.056496378443e-02
33,1,8.513094392890e-03,-9.226643156040e-02,2.69782414,-9.226643156040e-02,8.513094392890e-03
33,2,3.954053396573e-03,6.288126427302e-02,2.70900661,6.288126427302e-02,3.954053396573e-03
33,3,1.034467862683e-02,1.017087932621e-01,2.71339026,1.017087932621e-01,1.034467862683e-02
33,4,5.069360655837e-04,-2.251524074008e-02,2.73106915,-2.251524074008e-02,5.069360655837e-04
33,5,1.019123996037e-02,-1.009516714095e-01,2.72968557,-1.009516714095e-01,1.019123996037e-02
33,6,6.032413820232e-05,-7.766861541338e-03,2.70879634,-7.766861541338e-03,6.032413820232e-05
33,7,8.911128313315e-03,9.439877283797e-02,2.74672411,9.439877283797e-02,8.911128313315e-03
33,8,1.084212907395e-03,3.292738840836e-02,2.74790377,3.292738840836e-02,1.084212907395e-03
33,9,6.897476850583e-03,-8.305104966575e-02,2.76454913,-8.305104966575e-02,6.897476850583e-03
34,0,2.038074763000e-02,1.427611558863e-01,2.69008334,1.427611558863e-01,2.038074763000e-02
34,1,6.874038468282e-03,8.290982130171e-02,2.69544451,8.290982130171e-02,6.874038468282e-03
34,2,4.968634349943e-03,-7.048854055762e-02,2.70633394,-7.048854055762e-02,4.968634349943e-03
34,3,8.824429947834e-03,-9.393843700975e-02,2.71082431,-9.393843700975e-02,8.824429947834e-03
34,4,1.237888923567e-03,3.518364568328e-02,2.72509645,3.518364568328e-02,1.237888923567e-03
34,5,9.313034783984e-03,9.650406615259e-02,2.72691420,9.650406615259e-02,9.313034783984e-03
34,6,7.043305137357e-05,-8.392440132260e-03,2.76201808,-8.392440132260e-03,7.043305137357e-05
34,7,8.906070550091e-03,-9.437197968725e-02,2.74371414,-9.437197968725e-02,8.906070550091e-03
34,8,2.153365271087e-04,-1.467434929081e-02,2.73631308,-1.467434929081e-02,2.153365271087e-04
34,9,7.795168260571e-03,8.829025008783e-02,2.76123244,8.829025008783e-02,7.795168260571e-03
35,0,2.008104694015e-02,-1.417076107347e-01,2.68804455,-1.417076107347e-01,2.008104694015e-02
35,1,5.449171618725e-03,-7.381850458202e-02,2.69312330,-7.381850458202e-02,5.449171618725e-03
35,2,5.881133837890e-03,7.668855089184e-02,2.70386385,7.668855089184e-02,5.881133837890e-03
35,3,7.312430147571e-03,8.551274845057e-02,2.70832746,8.551274845057e-02,7.312430147571e-03
35,4,2.124396132431e-03,-4.609117195767e-02,2.72121973,-4.609117195767e-02,2.124396132431e-03
35,5,8.149861156028e-03,-9.027658143743e-02,2.72423085,-9.027658143743e-02,8.149861156028e-03
35,6,5.245848357068e-04,2.290381705539e-02,2.74238498,2.290381705539e-02,5.245848357068e-04
35,7,8.349310815948e-03,9.137456328732e-02,2.74082695,9.137456328732e-02,8.349310815948e-03
35,8,6.296186041943e-06,-2.509220205949e-03,2.84100061,-2.509220205949e-03,6.296186041943e-06
35,9,7.996309829015e-03,-8.942208803766e-02,2.75810885,-8.942208803766e-02,7.996309829015e-03
36,0,1.968050772076e-02,1.402872329214e-01,2.68609289,1.402872329214e-01,1.968050772076e-02
36,1,4.233544285466e-03,6.506569207705e-02,2.69084911,6.506569207705e-02,4.233544285466e-03
36,2,6.655894354472e-03,-8.158366475265e-02,2.70155389,-8.158366475265e-02,6.655894354472e-03
36,3,5.883738455119e-03,-7.670553079876e-02,2.70588670,-7.670553079876e-02,5.883738455119e-03
36,4,3.051771294991e-03,5.524283930964e-02,2.71811245,5.524283930964e-02,3.051771294991e-03
36,5,6.844325687050e-03,8.273043990606e-02,2.72161870,8.273043990606e-02,6.844325687050e-03
36,6,1.263992147033e-03,-3.555266722811e-02,2.73637928,-3.555266722811e-02,1.263992147033e-03
36,7,7.395604385661e-03,-8.599769988587e-02,2.73803577,-8.599769988587e-02,7.395604385661e-03
36,8,3.268587452594e-04,1.807923519564e-02,2.75929832,1.807923519564e-02,3.268587452594e-04
36,9,7.580053569513e-03,8.706350308547e-02,2.75512385,8.706350308547e-02,7.580053569513e-03
37,0,1.919378060561e-02,-1.385416204814e-01,2.68422635,-1.385416204814e-01,1.919378060561e-02
37,1,3.215866669586e-03,-5.670861195256e-02,2.68860670,-5.670861195256e-02,3.215866669586e-03
37,2,7.273724390444e-03,8.528613246270e-02,2.69937934,8.528613246270e-02,7.273724390444e-03
37,3,4.590106700665e-03,6.775032620338e-02,2.70348508,6.775032620338e-02,4.590106700665e-03
37,4,3.931060043296e-03,-6.269816618766e-02,2.71540695,-6.269816618766e-02,3.931060043296e-03
37,5,5.517950450455e-03,-7.428290819869e-02,2.71905809,-7.428290819869e-02,5.517950450455e-03
37,6,2.138608488056e-03,4.624509150230e-02,2.73250708,4.624509150230e-02,2.138608488056e-03
37,7,6.212323649661e-03,7.881829514561e-02,2.73531533,7.881829514561e-02,6.212323649661e-03
37,8,1.004194408668e-03,-3.168902662859e-02,2.75126383,-3.168902662859e-02,1.004194408668e-03
37,9,6.706332047309e-03,-8.189219771937e-02,2.75223905,-8.189219771937e-02,6.706332047309e-03
38,0,1.863512211155e-02,1.365105201497e-01,2.68244289,1.365105201497e-01,1.863512211155e-02
38,1,2.380472996067e-03,4.879009116683e-02,2.68637483,4.879009116683e-02,2.380472996067e-03
38,2,7.728720460592e-03,-8.791314156935e-02,2.69732445,-8.791314156935e-02,7.728720460592e-03
38,3,3.462321878240e-03,-5.884149792654e-02,2.70109925,-5.884149792654e-02,3.462321878240e-03
38,4,4.700009085530e-03,6.855661226702e-02,2.71295955,6.855661226702e-02,4.700009085530e-03
38,5,4.264025308886e-03,6.529950466034e-02,2.71652338,6.529950466034e-02,4.264025308886e-03
38,6,3.023180535488e-03,-5.498345692558e-02,2.72941917,-5.498345692558e-02,3.023180535488e-03
38,7,4.952153356199e-03,-7.037153796954e-02,2.73263673,-7.037153796954e-02,4.952153356199e-03
38,8,1.862811284022e-03,4.316029754325e-02,2.74686655,4.316029754325e-02,1.862811284022e-03
38,9,5.563343962828e-03,7.458782717594e-02,2.74941920,7.458782717594e-02,5.563343962828e-03
39,0,1.801809216996e-02,-1.342314872523e-01,2.68074050,-1.342314872523e-01,1.801809216996e-02
39,1,1.709011739253e-03,-4.134019520095e-02,2.68412237,-4.134019520095e-02,1.709011739253e-03
39,2,8.025080292844e-03,8.958281248568e-02,2.69537840,8.958281248568e-02,8.025080292844e-03
39,3,2.513672819177e-03,5.013654175526e-02,2.69869484,5.013654175526e-02,2.513672819177e-03
39,4,5.320962151060e-03,-7.294492546476e-02,2.71070173,-7.294492546476e-02,5.320962151060e-03
39,5,3.146181890232e-03,-5.609083606287e-02,2.71397777,-5.609083606287e-02,3.146181890232e-03
39,6,3.824579991299e-03,6.184318872195e-02,2.72674012,6.184318872195e-02,3.824579991299e-03
39,7,3.737317133229e-03,6.113360068922e-02,2.72996121,6.113360068922e-02,3.737317133229e-03
39,8,2.751110910178e-03,-5.245103345195e-02,2.74354900,-5.245103345195e-02,2.751110910178e-03
39,9,4.328317949068e-03,-6.578995325328e-02,2.74662307,-6.578995325328e-02,4.328317949068e-03
40,0,1.735533774031e-02,1.317396589502e-01,2.67911713,1.317396589502e-01,1.735533774031e-02
40,1,1.181837197917e-03,3.437785912353e-02,2.68180104,3.437785912353e-02,1.181837197917e-03
40,2,8.174158353548e-03,-9.041105216481e-02,2.69353324,-9.041105216481e-02,8.174158353548e-03
40,3,1.743830878063e-03,-4.175920111859e-02,2.69621777,-4.175920111859e-02,1.743830878063e-03
40,4,5.776988303744e-03,7.600650172021e-02,2.70859602,7.600650172021e-02,5.776988303744e-03
40,5,2.200821273068e-03,4.691291158165e-02,2.71136348,4.691291158165e-02,2.200821273068e-03
40,6,4.482553951165e-03,-6.695187787631e-02,2.72432277,-6.695187787631e-02,4.482553951165e-03
40,7,2.653546996899e-03,-5.151259066383e-02,2.72722965,-5.151259066383e-02,2.653546996899e-03
40,8,3.554984997792e-03,5.962369493575e-02,2.74073704,5.962369493575e-02,3.554984997792e-03
40,9,3.143938814435e-03,5.607083746865e-02,2.74379201,5.607083746865e-02,3.143938814435e-03
41,0,1.665845043778e-02,-1.290676196332e-01,2.67757075,-1.290676196332e-01,1.665845043778e-02
41,1,7.791054949146e-04,-2.791246128371e-02,2.67933055,-2.791246128371e-02,7.791054949146e-04
41,2,8.191909560823e-03,9.050916837991e-02,2.69178282,9.050916837991e-02,8.191909560823e-03
41,3,1.142645698111e-03,3.380304273450e-02,2.69357591,3.380304273450e-02,1.142645698111e-03
41,4,6.067275731390e-03,-7.789271937344e-02,2.70661970,-7.789271937344e-02,6.067275731390e-03
41,5,1.441714979836e-03,-3.796992204148e-02,2.70858094,-3.796992204148e-02,1.441714979836e-03
41,6,4.966201707773e-03,7.047128285885e-02,2.72209669,7.047128285885e-02,4.966201707773e-03
41,7,1.751075791900e-03,4.184585752377e-02,2.72434073,4.184585752377e-02,1.751075791900e-03
41,8,4.201098669380e-03,-6.481588284811e-02,2.73822781,-6.481588284811e-02,4.201098669380e-03
41,9,2.108692773223e-03,-4.592050493215e-02,2.74082842,-4.592050493215e-02,2.108692773223e-03
42,0,1.593788552814e-02,1.262453386392e-01,2.67609930,1.262453386392e-01,1.593788552814e-02
42,1,4.815964723387e-04,2.194530638516e-02,2.67656515,2.194530638516e-02,4.815964723387e-04
42,2,8.096785651431e-03,-8.998214073599e-02,2.69012212,-8.998214073599e-02,8.096785651431e-03
42,3,6.935441297116e-04,-2.633522602355e-02,2.69059577,-2.633522602355e-02,6.935441297116e-04
42,4,6.202525354916e-03,7.875611312727e-02,2.70475782,7.875611312727e-02,6.202525354916e-03
42,5,8.654561494065e-04,2.941863609018e-02,2.70543805,2.941863609018e-02,8.654561494065e-04
42,6,5.268208531823e-03,-7.258242577803e-02,2.72002322,-7.258242577803e-02,5.268208531823e-03
42,7,1.049884162583e-03,-3.240191603259e-02,2.72109720,-3.240191603259e-02,1.049884162583e-03
42,8,4.653250968879e-03,6.821474158039e-02,2.73593012,6.821474158039e-02,4.653250968879e-03
42,9,1.277443742721e-03,3.574134500436e-02,2.73754417,3.574134500436e-02,1.277443742721e-03
43,0,1.520292999801e-02,-1.233001621978e-01,2.67470070,-1.233001621978e-01,1.520292999801e-02
43,1,2.712937521859e-04,-1.647099730392e-02,2.67320699,-1.647099730392e-02,2.712937521859e-04
43,2,7.908090493952e-03,8.892744511090e-02,2.68854687,8.892744511090e-02,7.908090493952e-03
43,3,3.763703644126e-04,1.940026712220e-02,2.68690311,1.940026712220e-02,3.763703644126e-04
43,4,6.200805744158e-03,-7.874519505442e-02,2.70299979,-7.874519505442e-02,6.200805744158e-03
43,5,4.568364019356e-04,-2.137373158659e-02,2.70150334,-2.137373158659e-02,4.568364019356e-04
43,6,5.398387409759e-03,7.347371917740e-02,2.71807878,7.347371917740e-02,5.398387409759e-03
43,7,5.468808996742e-04,2.338548480734e-02,2.71704615,2.338548480734e-02,5.468808996742e-04
43,8,4.904993892754e-03,-7.003566157862e-02,2.73379596,-7.003566157862e-02,4.904993892754e-03
43,9,6.682049514679e-04,-2.584966056775e-02,2.73350698,-2.584966056775e-02,6.682049514679e-04
44,0,1.446170838962e-02,1.202568434212e-01,2.67337287,1.202568434212e-01,1.446170838962e-02
44,1,1.317602088869e-04,1.147868498073e-02,2.66853239,1.147868498073e-02,1.317602088869e-04
44,2,7.644762685855e-03,-8.743433356443e-02,2.68705335,-8.743433356443e-02,7.644762685855e-03
44,3,1.696156114315e-04,-1.302365583972e-02,2.68150560,-1.302365583972e-02,1.696156114315e-04
44,4,6.084109571289e-03,7.800070237689e-02,2.70133765,7.800070237689e-02,6.084109571289e-03
44,5,1.935865047591e-04,1.391353674517e-02,2.69555088,1.391353674517e-02,1.935865047591e-04
44,6,5.377566049067e-03,-7.333188971428e-02,2.71624772,-7.333188971428e-02,5.377566049067e-03
44,7,2.233355076147e-04,-1.494441392677e-02,2.71084568,-1.494441392677e-02,2.233355076147e-04
44,8,4.971003091121e-03,7.050534086947e-02,2.73179691,7.050534086947e-02,4.971003091121e-03
44,9,2.716530564929e-04,1.648190087620e-02,2.72742464,1.648190087620e-02,2.716530564929e-04
45,0,1.372121644685e-02,-1.171375962142e-01,2.67211371,-1.171375962142e-01,1.372121644685e-02
45,1,4.834689725015e-05,-6.953193313158e-03,2.66019465,-6.953193313158e-03,4.834689725015e-05
45,2,7.324532063753e-03,8.558348008671e-02,2.68563818,8.558348008671e-02,7.324532063753e-03
45,3,5.205956081532e-05,7.215231168529e-03,2.67059571,7.215231168529e-03,5.205956081532e-05
45,4,5.875689384404e-03,-7.665304549986e-02,2.69976514,-7.665304549986e-02,5.875689384404e-03
45,5,5.020847478247e-05,-7.085793871012e-03,2.68212863,-7.085793871012e-03,5.020847478247e-05
45,6,5.232405533156e-03,7.233536848013e-02,2.71451889,7.233536848013e-02,5.232405533156e-03
45,7,5.151715118649e-05,7.177544927515e-03,2.69591209,7.177544927515e-03,5.151715118649e-05
45,8,4.878873830841e-03,-6.984893578889e-02,2.72991442,-6.984893578889e-02,4.878873830841e-03
45,9,6.089796521369e-05,-7.803714834211e-03,2.71279667,-7.803714834211e-03,6.089796521369e-05
46,0,1.298737416037e-02,1.139621610903e-01,2.67092110,1.139621610903e-01,1.298737416037e-02
46,1,8.271499625519e-06,2.876021492534e-03,2.63379580,2.876021492534e-03,8.271499625519e-06
46,2,6.963387209183e-03,-8.344691252037e-02,2.68429826,-8.344691252037e-02,6.963387209183e-03
46,3,3.889803709489e-06,-1.972258530084e-03,2.61292357,-1.972258530084e-03,3.889803709489e-06
46,4,5.598142858713e-03,7.482073815937e-02,2.69827704,7.482073815937e-02,5.598142858713e-03
46,5,8.338893825997e-07,9.131754391133e-04,2.51755970,9.131754391133e-04,8.338893825997e-07
46,6,4.991390812299e-03,-7.064977574132e-02,2.71288384,-7.064977574132e-02,4.991390812299e-03
46,7,2.039002846877e-08,-1.427936569627e-04,1.43983117,-1.427936569627e-04,2.039002846877e-08
46,8,4.662272842989e-03,6.828083803667e-02,2.72813541,6.828083803667e-02,4.662272842989e-03
46,9,6.340142032979e-09,-7.962500884131e-05,5.12058073,-7.962500884131e-05,6.340142032979e-09
47,0,1.226509137788e-02,-1.107478730174e-01,2.66979293,-1.107478730174e-01,1.226509137788e-02
47,1,5.987200470313e-07,7.737700220552e-04,2.83455725,7.737700220552e-04,5.987200470313e-07
47,2,6.575289947498e-03,8.108816157429e-02,2.68303068,8.108816157429e-02,6.575289947498e-03
47,3,7.386541278086e-06,-2.717819213650e-03,2.74523743,-2.717819213650e-03,7.386541278086e-06
47,4,5.272155332314e-03,-7.260960909076e-02,2.69686893,-7.260960909076e-02,5.272155332314e-03
47,5,2.117493177287e-05,4.601622732566e-03,2.74045762,4.601622732566e-03,2.117493177287e-05
47,6,4.681997603737e-03,6.842512406811e-02,2.71133581,6.842512406811e-02,4.681997603737e-03
47,7,3.763872896275e-05,-6.135041072621e-03,2.74801131,-6.135041072621e-03,3.763872896275e-05
47,8,4.355805206994e-03,-6.599852427891e-02,2.72644998,-6.599852427891e-02,4.355805206994e-03
47,9,5.058757188011e-05,7.112494068898e-03,2.76046963,7.112494068898e-03,5.058757188011e-05
48,0,1.155834065557e-02,1.075097235396e-01,2.66872707,1.075097235396e-01,1.155834065557e-02
48,1,1.615060417626e-05,-4.018781429272e-03,2.70487206,-4.018781429272e-03,1.615060417626e-05
48,2,6.172077141912e-03,-7.856256832559e-02,2.68183269,-7.856256832559e-02,6.172077141912e-03
48,3,4.726512521973e-05,6.874963652248e-03,2.70999208,6.874963652248e-03,4.726512521973e-05
48,4,4.915779088389e-03,7.011261718399e-02,2.69553690,7.011261718399e-02,4.915779088389e-03
48,5,8.970575346927e-05,-9.471312130284e-03,2.71999663,-9.471312130284e-03,8.970575346927e-05
48,6,4.328901084792e-03,-6.579438490321e-02,2.70986919,-6.579438490321e-02,4.328901084792e-03
48,7,1.358871865904e-04,1.165706595119e-02,2.73243764,1.165706595119e-02,1.358871865904e-04
48,8,3.991574101383e-03,6.317890550954e-02,2.72485020,6.317890550954e-02,3.991574101383e-03
48,9,1.763216988015e-04,-1.327861810587e-02,2.74650986,-1.327861810587e-02,1.763216988015e-04
49,0,1.087023339158e-02,-1.042604114301e-01,2.66772142,-1.042604114301e-01,1.087023339158e-02
49,1,4.737009823589e-05,6.882593859577e-03,2.69101340,6.882593859577e-03,4.737009823589e-05
49,2,5.763497396206e-03,7.591770146814e-02,2.68070167,7.591770146814e-02,5.763497396206e-03
49,3,1.107639907142e-04,-1.052444728783e-02,2.70108836,-1.052444728783e-02,1.107639907142e-04
49,4,4.544123822216e-03,-6.741011661625e-02,2.69427743,-6.741011661625e-02,4.544123822216e-03
49,5,1.882387003604e-04,1.372001094608e-02,2.71311366,1.372001094608e-02,1.882387003604e-04
49,6,3.953026617277e-03,6.287309931343e-02,2.70847918,6.287309931343e-02,3.953026617277e-03
49,7,2.704006987046e-04,-1.644386507803e-02,2.72648456,-1.644386507803e-02,2.704006987046e-04
49,8,3.597196306228e-03,-5.997663133445e-02,2.72332941,-5.997663133445e-02,3.597196306228e-03
49,9,3.456502359761e-04,1.859167114533e-02,2.74093940,1.859167114533e-02,3.456502359761e-04
50,0,1.020309644817e-02,1.010103779231e-01,2.66677386,1.010103779231e-01,1.020309644817e-02
50,1,8.815666826134e-05,-9.389178252719e-03,2.68518460,-9.389178252719e-03,8.815666826134e-05
50,2,5.357338866684e-03,-7.319384445897e-02,2.67963510,-7.319384445897e-02,5.357338866684e-03
50,3,1.875548406871e-04,1.369506628998e-02,2.69658902,1.369506628998e-02,1.875548406871e-04
50,4,4.169342084057e-03,6.457044280518e-02,2.69308733,6.457044280518e-02,4.169342084057e-03
50,5,3.020580302541e-04,-1.737981674973e-02,2.70926102,-1.737981674973e-02,3.020580302541e-04
50,6,3.571228480839e-03,-5.975975636529e-02,2.70716154,-5.975975636529e-02,3.571228480839e-03
50,7,4.214783945717e-04,2.052993898120e-02,2.72295283,2.052993898120e-02,4.214783945717e-04
50,8,3.194946735481e-03,5.652385987776e-02,2.72188182,5.652385987776e-02,3.194946735481e-03
50,9,5.330106630636e-04,-2.308702369435e-02,2.73754083,-2.308702369435e-02,5.330106630636e-04
51,0,9.558547402541e-03,-9.776782396341e-02,2.66588235,-9.776782396341e-02,9.558547402541e-03
51,1,1.336887121213e-04,1.156238349655e-02,2.68172040,1.156238349655e-02,1.336887121213e-04
51,2,4.959613073160e-03,7.042452039709e-02,2.67863057,7.042452039709e-02,4.959613073160e-03
51,3,2.695387462798e-04,-1.641763522191e-02,2.69365772,-1.641763522191e-02,2.695387462798e-04
51,4,3.800810388303e-03,-6.165071279639e-02,2.69196368,-6.165071279639e-02,3.800810388303e-03
51,5,4.197552419848e-04,2.048792917756e-02,2.70660196,2.048792917756e-02,4.197552419848e-04
51,6,3.196399230523e-03,5.653670693030e-02,2.70591249,5.653670693030e-02,3.196399230523e-03
51,7,5.740346763287e-04,-2.395902077149e-02,2.72042538,-2.395902077149e-02,5.740346763287e-04
51,8,2.801698474225e-03,-5.293107286108e-02,2.72050226,-5.293107286108e-02,2.801698474225e-03
51,9,7.190303180295e-04,2.681474068548e-02,2.73505788,2.681474068548e-02,7.190303180295e-04
52,0,8.937567247831e-03,9.453870766956e-02,2.66504484,9.453870766956e-02,8.937567247831e-03
52,1,1.802439208875e-04,-1.342549518221e-02,2.67929369,-1.342549518221e-02,1.802439208875e-04
52,2,4.574767662052e-03,-6.763702877900e-02,2.67768577,-6.763702877900e-02,4.574767662052e-03
52,3,3.505782965864e-04,1.872373618129e-02,2.69148489,1.872373618129e-02,3.505782965864e-04
52,4,3.445426327795e-03,5.869775402684e-02,2.69090377,5.869775402684e-02,3.445426327795e-03
52,5,5.328840507321e-04,-2.308428146450e-02,2.70455567,-2.308428146450e-02,5.328840507321e-04
52,6,2.837844534323e-03,-5.327142324289e-02,2.70472863,-5.327142324289e-02,2.837844534323e-03
52,7,7.171806863537e-04,2.678022939322e-02,2.71843157,2.678022939322e-02,7.171806863537e-04
52,8,2.429364874122e-03,4.928858766613e-02,2.71918600,4.928858766613e-02,2.429364874122e-03
52,9,8.900567983791e-04,-2.983381970816e-02,2.73306859,-2.983381970816e-02,8.900567983791e-04
53,0,8.340569796911e-03,-9.132672005996e-02,2.66425937,-9.132672005996e-02,8.340569796911e-03
53,1,2.250257111838e-04,1.500085701498e-02,2.67742929,1.500085701498e-02,2.250257111838e-04
53,2,4.205908119504e-03,6.485297309687e-02,2.67679850,6.485297309687e-02,4.205908119504e-03
53,3,4.262033659666e-04,-2.064469340936e-02,2.68975079,-2.064469340936e-02,4.262033659666e-04
53,4,3.107961352662e-03,-5.574909284161e-02,2.68990510,-5.574909284161e-02,3.107961352662e-03
53,5,6.355253959091e-04,2.520962903156e-02,2.70287960,2.520962903156e-02,6.355253959091e-04
53,6,2.501795631244e-03,5.001795308930e-02,2.70360692,5.001795308930e-02,2.501795631244e-03
53,7,8.436113401292e-04,-2.904498821017e-02,2.71676920,-2.904498821017e-02,8.436113401292e-04
53,8,2.085610746064e-03,-4.566848745102e-02,2.71792873,-4.566848745102e-02,2.085610746064e-03
53,9,1.037328762682e-03,3.220758858843e-02,2.73139033,3.220758858843e-02,1.037328762682e-03
54,0,7.767467236824e-03,8.813323571062e-02,2.66352403,8.813323571062e-02,7.767467236824e-03
54,1,2.660013327522e-04,-1.630954728839e-02,2.67591418,-1.630954728839e-02,2.660013327522e-04
54,2,3.855014303713e-03,-6.208876149283e-02,2.67596668,-6.208876149283e-02,3.855014303713e-03
54,3,4.933171499291e-04,2.221074402016e-02,2.68830307,2.221074402016e-02,4.933171499291e-04
54,4,2.791426115502e-03,5.283394851326e-02,2.68896538,5.283394851326e-02,2.791426115502e-03
54,5,7.238272506241e-04,-2.690403781264e-02,2.70145382,-2.690403781264e-02,7.238272506241e-04
54,6,2.191967354752e-03,-4.681845100762e-02,2.70254461,-4.681845100762e-02,2.191967354752e-03
54,7,9.489245533392e-04,3.080461902604e-02,2.71533632,3.080461902604e-02,9.489245533392e-04
54,8,1.774663310204e-03,4.212675290364e-02,2.71672651,4.212675290364e-02,1.774663310204e-03
54,9,1.156009418671e-03,-3.400013850959e-02,2.72993052,-3.400013850959e-02,1.156009418671e-03
55,0,7.217731274785e-03,-8.495723203345e-02,2.66283700,-8.495723203345e-02,7.217731274785e-03
55,1,3.017552051640e-04,1.737110258919e-02,2.67463816,1.737110258919e-02,3.017552051640e-04
55,2,3.523142364355e-03,5.935606425931e-02,2.67518832,5.935606425931e-02,3.523142364355e-03
55,3,5.499201039447e-04,-2.345037534763e-02,2.68705945,-2.345037534763e-02,5.499201039447e-04
55,4,2.497419647723e-03,-4.997418981557e-02,2.68808255,-4.997418981557e-02,2.497419647723e-03
55,5,7.955622278284e-04,2.820571268074e-02,2.70021177,2.820571268074e-02,7.955622278284e-04
55,6,1.910100533548e-03,4.370469692777e-02,2.70153930,4.370469692777e-02,1.910100533548e-03
55,7,1.030956606386e-03,-3.210851298934e-02,2.71407550,-3.210851298934e-02,1.030956606386e-03
55,8,1.498110554625e-03,-3.870543314090e-02,2.71557574,-3.870543314090e-02,1.498110554625e-03
55,9,1.244230159995e-03,3.527364682019e-02,2.72863674,3.527364682019e-02,1.244230159995e-03
56,0,6.690449147517e-03,8.179516579552e-02,2.66219657,8.179516579552e-02,6.690449147517e-03
56,1,3.313593941968e-04,-1.820327976483e-02,2.67353814,-1.820327976483e-02,3.313593941968e-04
56,2,3.210606236451e-03,-5.666221171514e-02,2.67446161,-5.666221171514e-02,3.210606236451e-03
56,3,5.948622879307e-04,2.438979884974e-02,2.68597126,2.438979884974e-02,5.948622879307e-04
56,4,2.226444936588e-03,4.718521947165e-02,2.68725472,4.718521947165e-02,2.226444936588e-03
56,5,8.497286586506e-04,-2.915010563704e-02,2.69911326,-2.915010563704e-02,8.497286586506e-04
56,6,1.656452172064e-03,-4.069953528069e-02,2.70058893,-4.069953528069e-02,1.656452172064e-03
56,7,1.089183306085e-03,3.300277724806e-02,2.71295160,3.300277724806e-02,1.089183306085e-03
56,8,1.255620658086e-03,3.543473801352e-02,2.71447326,3.543473801352e-02,1.255620658086e-03
56,9,1.302230849701e-03,-3.608643581321e-02,2.72747677,-3.608643581321e-02,1.302230849701e-03
57,0,6.184373475513e-03,-7.864078760741e-02,2.66160114,-7.864078760741e-02,6.184373475513e-03
57,1,3.542618428500e-04,1.882184483121e-02,2.67257520,1.882184483121e-02,3.542618428500e-04
57,2,2.917135572858e-03,5.401051354003e-02,2.67378485,5.401051354003e-02,2.917135572858e-03
57,3,6.276292048654e-04,-2.505252891158e-02,2.68500765,-2.505252891158e-02,6.276292048654e-04
57,4,1.978181910328e-03,-4.447675696729e-02,2.68648027,-4.447675696729e-02,1.978181910328e-03
57,5,8.862078272445e-04,2.976924297399e-02,2.69813233,2.976924297399e-02,8.862078272445e-04
57,6,1.430215109471e-03,3.781818490450e-02,2.69969179,3.781818490450e-02,1.430215109471e-03
57,7,1.124211063314e-03,-3.352925682615e-02,2.71194171,-3.352925682615e-02,1.124211063314e-03
57,8,1.045550271408e-03,-3.233496979136e-02,2.71341635,-3.233496979136e-02,1.045550271408e-03
57,9,1.331637934241e-03,3.649161457433e-02,2.72642951,3.649161457433e-02,1.331637934241e-03
58,0,5.697964556552e-03,7.548486309554e-02,2.66104924,7.548486309554e-02,5.697964556552e-03
58,1,3.701919712062e-04,-1.924037346847e-02,2.67172387,-1.924037346847e-02,3.701919712062e-04
58,2,2.642008858349e-03,-5.140047527357e-02,2.67315654,-5.140047527357e-02,2.642008858349e-03
58,3,6.481622846190e-04,2.545903149413e-02,2.68414800,2.545903149413e-02,6.481622846190e-04
58,4,1.751714786974e-03,4.185349193286e-02,2.68575778,4.185349193286e-02,1.751714786974e-03
58,5,9.054808611769e-04,-3.009120903481e-02,2.69725138,-3.009120903481e-02,9.054808611769e-04
58,6,1.229861561423e-03,-3.506938210780e-02,2.69884658,-3.506938210780e-02,1.229861561423e-03
58,7,1.137364321924e-03,3.372483242248e-02,2.71103013,3.372483242248e-02,1.137364321924e-03
58,8,8.654328034845e-04,2.941823929953e-02,2.71240290,2.941823929953e-02,8.654328034845e-04
58,9,1.334890683028e-03,-3.653615583266e-02,2.72548044,-3.653615583266e-02,1.334890683028e-03
59,0,5.229423195847e-03,-7.231475088699e-02,2.66053957,-7.231475088699e-02,5.229423195847e-03
59,1,3.790825059702e-04,1.947004124213e-02,2.67096673,1.947004124213e-02,3.790825059702e-04
59,2,2.384161655700e-03,4.882787785374e-02,2.67257534,4.882787785374e-02,2.384161655700e-03
59,3,6.567124387363e-04,-2.562640120533e-02,2.68337793,-2.562640120533e-02,6.567124387363e-04
59,4,1.545714640652e-03,-3.931557758258e-02,2.68508611,-3.931557758258e-02,1.545714640652e-03
59,5,9.084027050647e-04,3.013971972439e-02,2.69645796,3.013971972439e-02,9.084027050647e-04
59,6,1.053413073663e-03,3.245632563404e-02,2.69805242,3.245632563404e-02,1.053413073663e-03
59,7,1.130364511960e-03,-3.362089397920e-02,2.71020568,-3.362089397920e-02,1.130364511960e-03
59,8,7.123523821842e-04,-2.668993035181e-02,2.71143148,-2.668993035181e-02,7.123523821842e-04
59,9,1.314806766482e-03,3.626026429140e-02,2.72461918,3.626026429140e-02,1.314806766482e-03
60,0,4.776711486133e-03,6.911375757498e-02,2.66007096,6.911375757498e-02,4.776711486133e-03
60,1,3.810058484916e-04,-1.951937110902e-02,2.67029146,-1.951937110902e-02,3.810058484916e-04
60,2,2.142270558897e-03,-4.628466872407e-02,2.67204008,-4.628466872407e-02,2.142270558897e-03
60,3,6.537233334889e-04,2.556801387455e-02,2.68268711,2.556801387455e-02,6.537233334889e-04
60,4,1.358580308892e-03,3.685892441312e-02,2.68446437,3.685892441312e-02,1.358580308892e-03
60,5,8.960269233948e-04,-2.993370881456e-02,2.69574303,-2.993370881456e-02,8.960269233948e-04
60,6,8.986440159738e-04,-2.997739174735e-02,2.69730892,-2.997739174735e-02,8.986440159738e-04
60,7,1.105089292032e-03,3.324288332910e-02,2.70946019,3.324288332910e-02,1.105089292032e-03
60,8,5.832170199031e-04,2.414988654017e-02,2.71050155,2.414988654017e-02,5.832170199031e-04
60,9,1.274268121075e-03,-3.569689231676e-02,2.72383814,-3.569689231676e-02,1.274268121075e-03
61,0,4.337557892718e-03,-6.586013887563e-02,2.65964246,-6.586013887563e-02,4.337557892718e-03
61,1,3.761228868720e-04,1.939388787407e-02,2.66968910,1.939388787407e-02,3.761228868720e-04
61,2,1.914813499693e-03,4.375858201191e-02,2.67154984,4.375858201191e-02,1.914813499693e-03
61,3,6.397399376924e-04,-2.529308082643e-02,2.68206794,-2.529308082643e-02,6.397399376924e-04
61,4,1.188541760611e-03,-3.447523401822e-02,2.68389195,-3.447523401822e-02,1.188541760611e-03
61,5,8.694730976403e-04,2.948682922324e-02,2.69509990,2.948682922324e-02,8.694730976403e-04
61,6,7.632277691479e-04,2.762657722462e-02,2.69661619,2.762657722462e-02,7.632277691479e-04
61,7,1.063397819507e-03,-3.260978104046e-02,2.70878757,-3.260978104046e-02,1.063397819507e-03
61,8,4.749476905615e-04,-2.179329462384e-02,2.70961364,-2.179329462384e-02,4.749476905615e-04
61,9,1.216003805878e-03,3.487124611880e-02,2.72313168,3.487124611880e-02,1.216003805878e-03
62,0,3.909441181983e-03,6.252552424397e-02,2.65925331,6.252552424397e-02,3.909441181983e-03
62,1,3.646418316604e-04,-1.909559717999e-02,2.66915307,-1.909559717999e-02,3.646418316604e-04
62,2,1.700106503947e-03,-4.123234778602e-02,2.67110392,-4.123234778602e-02,1.700106503947e-03
62,3,6.153372339398e-04,2.480599189591e-02,2.68151478,2.480599189591e-02,6.153372339398e-04
62,4,1.033730015384e-03,3.215167204647e-02,2.68336857,3.215167204647e-02,1.033730015384e-03
62,5,8.298276651013e-04,-2.880672951068e-02,2.69452358,-2.880672951068e-02,8.298276651013e-04
62,6,6.448349727267e-04,-2.539360101929e-02,2.69597491,-2.539360101929e-02,6.448349727267e-04
62,7,1.007006851071e-03,3.173337125284e-02,2.70818330,3.173337125284e-02,1.007006851071e-03
62,8,3.846001417239e-04,1.961122489096e-02,2.70876960,1.961122489096e-02,3.846001417239e-04
62,9,1.142445959474e-03,-3.380008815778e-02,2.72249562,-3.380008815778e-02,1.142445959474e-03
